State,Percentage with non school qualification (%),calc,relative to national average
New South Wales,70.1,1.017416546,1.741654572
Victoria,70.9,1.029027576,2.90275762
Queensland,67.1,0.973875181,-2.612481858
South Australia,62.5,0.907111756,-9.288824383
Western Australia,67.7,0.982583454,-1.741654572
Tasmania,64,0.928882438,-7.111756168
Northern Territory,68.5,0.994194485,-0.580551524
Australian Capital Territory,73,1.059506531,5.95065312
Australia,68.9,,
